<?xml version="1.0" encoding="UTF-8"?>
<beans xmlns="http://www.springframework.org/schema/beans"
       xmlns:xsi="http://www.w3.org/2001/XMLSchema-instance"
       xmlns:aop="http://www.springframework.org/schema/aop"
       xmlns:tx="http://www.springframework.org/schema/tx"
       xmlns:context="http://www.springframework.org/schema/context"
       xsi:schemaLocation="
       http://www.springframework.org/schema/beans 
       http://www.springframework.org/schema/beans/spring-beans-3.0.xsd
       http://www.springframework.org/schema/tx 
       http://www.springframework.org/schema/tx/spring-tx-3.0.xsd
       http://www.springframework.org/schema/context 
       http://www.springframework.org/schema/context/spring-context-3.0.xsd
       http://www.springframework.org/schema/aop 
       http://www.springframework.org/schema/aop/spring-aop-3.0.xsd" >
    
    <context:component-scan base-package="cz.muni.fi.pa165"/>
    
    <bean id="transactionManager" class="org.springframework.orm.jpa.JpaTransactionManager">
        <property name="entityManagerFactory" ref="entityManagerFactory"/>
    </bean>

    <tx:advice id="testingAdvice" transaction-manager="transactionManager">
        <tx:attributes>
            <tx:method name="*" />
        </tx:attributes>
    </tx:advice>
    
    <aop:config>
        <aop:pointcut id="stewardDAOOperations" expression="execution(* 
                    cz.muni.fi.pa165.airportmanager.backend.daos.StewardDAO.*(..))"/>
        <aop:pointcut id="destinationDAOOperations" expression="execution(* 
                    cz.muni.fi.pa165.airportmanager.backend.daos.DestinationDAO.*(..))"/>
        <aop:pointcut id="airplaneDAOOperations" expression="execution(* 
                    cz.muni.fi.pa165.airportmanager.backend.daos.AirplaneDAO.*(..))"/>
        <aop:pointcut id="flightDAOOperations" expression="execution(* 
                    cz.muni.fi.pa165.airportmanager.backend.daos.FlightDAO.*(..))"/>
        <aop:advisor advice-ref="testingAdvice" pointcut-ref="stewardDAOOperations"/>
        <aop:advisor advice-ref="testingAdvice" pointcut-ref="destinationDAOOperations"/>
        <aop:advisor advice-ref="testingAdvice" pointcut-ref="airplaneDAOOperations"/>
        <aop:advisor advice-ref="testingAdvice" pointcut-ref="flightDAOOperations"/>
    </aop:config>
    
    <bean id="entityManagerFactory" class="org.springframework.orm.jpa.LocalContainerEntityManagerFactoryBean">
        <property name="persistenceUnitName" value="InMemoryTestPU" />
    </bean>
</beans>
